{
  "model": "mlx-community/Qwen2.5-0.5B-Instruct-bf16",
  "data": "sample",
  "steps": 100,
  "batch_size": 1,
  "seq_len": 128,
  "eval_batches": 8,
  "max_tokens": 20000,
  "modes": {
    "dblock": {
      "ok": true,
      "objective": "paper_ar",
      "clean_lm_weight": 0.0,
      "before": 87.7998046875,
      "after": 25.5390625,
      "delta": 62.2607421875,
      "metrics_before": {
        "loss": 87.7998046875,
        "denoise_loss": 87.7998046875,
        "aux_lm_loss": 7.558597564697266,
        "clean_lm_loss": 0.0
      },
      "metrics_after": {
        "loss": 25.5390625,
        "denoise_loss": 25.5390625,
        "aux_lm_loss": 2.63214111328125,
        "clean_lm_loss": 0.0
      },
      "diffusion_ce_before": 135.875,
      "diffusion_ce_after": 98.9375,
      "diffusion_ce_delta": 36.9375,
      "next_token_ce_before": 2.3671875,
      "next_token_ce_after": 3.947265625,
      "next_token_ce_delta": -1.580078125,
      "seconds": 5.3324864999740385
    }
  }
}