{
  "model": "mlx-community/Qwen2.5-0.5B-Instruct-bf16",
  "data": "sample",
  "steps": 100,
  "batch_size": 1,
  "seq_len": 128,
  "eval_batches": 8,
  "max_tokens": 20000,
  "modes": {
    "full": {
      "ok": true,
      "before": 2.361328125,
      "after": 0.0279541015625,
      "delta": 2.3333740234375,
      "seconds": 15.112233790976461
    }
  }
}