{
  "model": "mlx-community/Qwen2.5-1.5B-Instruct-bf16",
  "data": "sample",
  "steps": 100,
  "batch_size": 1,
  "seq_len": 128,
  "eval_batches": 8,
  "max_tokens": 20000,
  "modes": {
    "full": {
      "ok": true,
      "before": 2.345703125,
      "after": 0.03057861328125,
      "delta": 2.31512451171875,
      "seconds": 48.351462792023085
    }
  }
}